{
  "data": [
    {
      "name": "General",
      "items": [
        {
          "name": "Button",
          "description": "To trigger an operation.",
          "link": "https://ant.design/components/button/"
        },
        {
          "name": "Icon",
          "description": "Semantic vector graphics.",
          "link": "https://ant.design/components/icon/"
        }
      ]
    },
    {
      "name": "Layout",
      "items": [
        {
          "name": "Grid",
          "description": "24 Grids System.",
          "link": "https://ant.design/components/grid/"
        },
        {
          "name": "Layout",
          "description": "Handling the overall layout of a page.",
          "link": "https://ant.design/components/layout/"
        }
      ]
    },
    {
      "name": "Data Display",
      "items": [
        {
          "name": "Avatar",
          "description": "Avatars can be used to represent people or objects. It supports images, Icons, or letters.",
          "link": "https://ant.design/components/avatar/"
        },
        {
          "name": "Badge",
          "description": "Small numerical value or status descriptor for UI elements.",
          "link": "https://ant.design/components/badge/"
        },
        {
          "name": "Comment",
          "description": "A comment displays user feedback and discussion to website content.",
          "link": "https://ant.design/components/comment/"
        },
        {
          "name": "Collapse",
          "description": "A content area which can be collapsed and expanded.",
          "link": "https://ant.design/components/collapse/"
        },
        {
          "name": "Carousel",
          "description": "A carousel component. Scales with its container.",
          "link": "https://ant.design/components/carousel/"
        },
        {
          "name": "Card",
          "description": "Simple rectangular container.",
          "link": "https://ant.design/components/card/"
        },
        {
          "name": "Calendar",
          "description": "Container for displaying data in calendar form.",
          "link": "https://ant.design/components/calendar/"
        },
        {
          "name": "List",
          "description": "Simple List.",
          "link": "https://ant.design/components/list/"
        },
        {
          "name": "Popover",
          "description": "The floating card popped by clicking or hovering.",
          "link": "https://ant.design/components/popover/"
        },
        {
          "name": "Tree",
          "description": "Tree structure",
          "link": "https://ant.design/components/tree/"
        },
        {
          "name": "Tooltip",
          "description": "A simple text popup tip.",
          "link": "https://ant.design/components/tooltip/"
        },
        {
          "name": "Timeline",
          "description": "Vertical display timeline.",
          "link": "https://ant.design/components/timeline/"
        },
        {
          "name": "Tag",
          "description": "Tag for categorizing or markup.",
          "link": "https://ant.design/components/tag/"
        },
        {
          "name": "Tabs",
          "description": "Tabs make it easy to switch between different views.",
          "link": "https://ant.design/components/tabs/"
        },
        {
          "name": "Table",
          "description": "A table displays rows of data.",
          "link": "https://ant.design/components/table/"
        }
      ]
    },
    {
      "name": "Data Entry",
      "items": [
        {
          "name": "AutoComplete",
          "description": "Autocomplete function of input field.",
          "link": "https://ant.design/components/auto-complete/"
        },
        {
          "name": "Checkbox",
          "description": "Checkbox component.",
          "link": "https://ant.design/components/checkbox/"
        },
        {
          "name": "Cascader",
          "description": "Cascade selection box.",
          "link": "https://ant.design/components/cascader/"
        },
        {
          "name": "DatePicker",
          "description": "To select or input a date.",
          "link": "https://ant.design/components/date-picker/"
        },
        {
          "name": "Form",
          "description": "Form is used to collect, validate, and submit the user input, usually contains various form items including checkbox, radio, input, select, and etc.",
          "link": "https://ant.design/components/form/"
        },
        {
          "name": "InputNumber",
          "description": "Enter a number within certain range with the mouse or keyboard.",
          "link": "https://ant.design/components/input-number/"
        },
        {
          "name": "Input",
          "description": "A basic widget for getting the user input is a text field. Keyboard and mouse can be used for providing or changing data.",
          "link": "https://ant.design/components/input/"
        },
        {
          "name": "Mention",
          "description": "Mention component.",
          "link": "https://ant.design/components/mention/"
        },
        {
          "name": "Rate",
          "description": "Rate component.",
          "link": "https://ant.design/components/rate/"
        },
        {
          "name": "Radio",
          "description": "Radio.",
          "link": "https://ant.design/components/radio/"
        },
        {
          "name": "Switch",
          "description": "Switching Selector.",
          "link": "https://ant.design/components/switch/"
        },
        {
          "name": "Slider",
          "description": "A Slider component for displaying current value and intervals in range.",
          "link": "https://ant.design/components/slider/"
        },
        {
          "name": "Select",
          "description": "Select component to select value from options.",
          "link": "https://ant.design/components/select/"
        },
        {
          "name": "TreeSelect",
          "description": "Tree selection control.",
          "link": "https://ant.design/components/tree-select/"
        },
        {
          "name": "Transfer",
          "description": "Double column transfer choice box.",
          "link": "https://ant.design/components/transfer/"
        },
        {
          "name": "TimePicker",
          "description": "By clicking the input box, you can select a time from a popup panel.",
          "link": "https://ant.design/components/time-picker/"
        },
        {
          "name": "Upload",
          "description": "Upload file by selecting or dragging.",
          "link": "https://ant.design/components/upload/"
        }
      ]
    },
    {
      "name": "Feedback",
      "items": [
        {
          "name": "Alert",
          "description": "Alert component for feedback.",
          "link": "https://ant.design/components/alert/"
        },
        {
          "name": "Drawer",
          "description": "Panel slides from screen edge.",
          "link": "https://ant.design/components/drawer/"
        },
        {
          "name": "Modal",
          "description": "Modal dialogs.",
          "link": "https://ant.design/components/modal/"
        },
        {
          "name": "Message",
          "description": "Display global messages as feedback in response to user operations.",
          "link": "https://ant.design/components/message/"
        },
        {
          "name": "Notification",
          "description": "Display a notification message globally.",
          "link": "https://ant.design/components/notification/"
        },
        {
          "name": "Progress",
          "description": "Display the current progress of an operation flow.",
          "link": "https://ant.design/components/progress/"
        },
        {
          "name": "Popconfirm",
          "description": "A simple and compact confirmation dialog of an action.",
          "link": "https://ant.design/components/popconfirm/"
        },
        {
          "name": "Spin",
          "description": "A spinner for displaying loading state of a page or a section.",
          "link": "https://ant.design/components/spin/"
        },
        {
          "name": "Skeleton",
          "description": "Provide a placeholder at the place which need waiting for loading.",
          "link": "https://ant.design/components/skeleton/"
        }
      ]
    },
    {
      "name": "Navigation",
      "items": [
        {
          "name": "Affix",
          "description": "Make an element stick to viewport.",
          "link": "https://ant.design/components/affix/"
        },
        {
          "name": "Breadcrumb",
          "description": "A breadcrumb displays the current location within a hierarchy. It allows going back to states higher up in the hierarchy.",
          "link": "https://ant.design/components/breadcrumb/"
        },
        {
          "name": "Dropdown",
          "description": "A dropdown list.",
          "link": "https://ant.design/components/dropdown/"
        },
        {
          "name": "Menu",
          "description": "Menu list of Navigation.",
          "link": "https://ant.design/components/menu/"
        },
        {
          "name": "Pagination",
          "description": "A long list can be divided into several pages by Pagination, and only one page will be loaded at a time.",
          "link": "https://ant.design/components/pagination/"
        },
        {
          "name": "Steps",
          "description": "Steps is a navigation bar that guides users through the steps of a task.",
          "link": "https://ant.design/components/steps/"
        }
      ]
    },
    {
      "name": "Other",
      "items": [
        {
          "name": "Anchor",
          "description": "Hyperlinks to scroll on one page.",
          "link": "https://ant.design/components/anchor/"
        },
        {
          "name": "BackTop",
          "description": "BackTop makes it easy to go back to the top of the page.",
          "link": "https://ant.design/components/back-top/"
        },
        {
          "name": "Divider",
          "description": "A divider line separates different content.",
          "link": "https://ant.design/components/divider/"
        }
      ]
    }
  ]
}
